tau,p,test_acc,verdict
0.761904761904762,5.8240076072812066e-08,0.7336389101094983,STRONG: DPL prediction supported
