ece_raw,ece_temp,ece_platt,T,a,b,test_acc,n_test
0.02106951632133989,0.018352768198833164,0.020798951981900952,0.9660567168494164,1.0337618397059565,0.013417040635678432,0.7298192004074358,3927
