metric,estimate,ci_low,ci_high
Group-specific improvement (age),-0.002051450594262085,-0.015641802799481973,0.015361882497064508
