acc_global,acc_with_demo,imp_demo_features,imp_group_models,imp_thresholds,best_improvement,ci_lo,ci_hi
0.7336389101094983,0.7361853832442068,0.00254647313470846,0.0013210566562610697,-0.003170279398914122,0.00254647313470846,0.008611794404730741,0.03882918617603777
